wandayuditaa<=>
noniiiiic<=>
_liliantijong<=>Thresa Lilianti
herissanto_<=>ʜᴇʀɪ  ꜱᴜꜱᴀɴᴛᴏ
aliakmal10<=>Ali Akmal
andpsonde222<=>Andy'psonde
_deribudiman<=>si_debu
nafaaiqx._<=>N
gvnindrisrtika<=>I I N
kopikapikiii<=>Rifki Fauzi Adam
kacapontianak<=>KACA MITRA MANDIRI
danielk15_<=>Aman
jizahh_08<=>Nur hajizah
azs_aas<=>Rendi Saputra
y.pangerang<=>YoeliHerman
alfianda_12<=>Alfianda Wiria Putra
aulia_fattika<=>Awwww_
nia_trikurniati<=>Nia
hen.yyyyyyy<=>Heny Furwanti
bastians_123<=>newakun!
i._.caa<=>𝒜𝓃𝒾𝓈𝒶𝒹𝓌𝒾𝒽𝒶𝓂𝓊𝓁𝓎𝒶 ♡
fitrifebbrianti<=>Fitri Febrianti
delviadela_<=>Dela
izhr_10<=>AL
elvira_selanita<=>𝓢𝓮𝓵. 𝓐𝓪𝓪
richardtantom<=>Richardson Logan Simanjuntak
pakinald_16<=>Rinaldi Tristiyanto
muhammad.iyan_<=>_iyan
dhewyamoy<=>D.s
dwpryn_<=>Hxhsjsis
jnrtyslm__<=>Ut
_gunawan_._<=>
salsabila.arrr<=>Z
ariffbriann_<=>Arief Febrian
arifarif4819<=>Arif
febbrianeza<=>Febrian
mellymonicaaa<=>melly
anisbegot<=>anis Begot
__elrxz<=>𝔢𝔩𝔦𝔢𝔯𝔞 ⚯͛
everlessproject<=>Everless
uln_029<=>uln_2910
niitaastri<=>NitaAstari
bebykarlinaaa<=>Bebykarlina
rosianalisa__<=>Ochi
amnddaa<=>𝐀𝐦𝐚𝐧𝐝𝐚
fdlardn_<=>ARIES♈
raihanfirrizqi<=>Raihan Fatih Firrizqi
selvipiiii<=>
ardizajuliam<=>𝔸𝕣𝕕𝕚 ℤ𝕒𝕛𝕦𝕝𝕚 𝔸𝕄
ramandaery<=>Ramanda Ery Jarisman
bg_ncekkk<=>
fikrihaikall_poya<=>Fikri Haikal
rzky_chndr137<=>rizky chandra
danang.whyuw<=>DANANG
indaho.indot<=>Ndot
devi_oktaviani2<=>Devi Oktaviani
srimulyani____<=>Sri mulyani
kevinmarcelino37<=>Kevin Marcelino
kince_akustik<=>Kince
shintayulismaaaaaaa<=>Shinta Yulisma
_viani.olivia<=>Viani Olivia
jnt.soetomo<=>jntexpress_soetomo
thia_yohana<=>𝓣𝓱𝓲𝓪 𝓨𝓸𝓱𝓪𝓷𝓪
irfancullens<=>Irfan Rinaldi
teguhsalasa<=>Teguh Salasa
bimbidjamari<=>B I M B I
bagusindrapratama198<=>
agus_cahya20<=>Agus Duwi Cahya Agus
utamidila<=>Nurdila Utami
leo_hendri8<=>Leo Hendri Gunawan
hengkisandradan1000lainya<=>Hengki Sandra
boi_boyz<=>Boyz
alkhawarismaa<=>alkhaa
izharalmakkawi<=>Izza
parastika4164<=>bella parastika
ssanto19<=>Susanto
mgipandelly_<=>Migi F Pandelly
apriliabrigitta<=>ℭ𝔥𝔦𝔫𝔡𝔞💫
gienyindas<=>Gieny Inda Susanti
lhia_da<=>Lhia DA
christin_nss<=>simanungkalit
chika.lusiana<=>Chika Lusiana
fbry_syah<=>Febry Liansyah
venussyah<=>Venus Aliansyah
kokot_manok<=>Modestus Onesimus
wennytheodora90<=>wenny
babas6119<=>Bastian Babas
fiitriyasyafiraa_<=>ibntsyafe'i
wahdaniah_<=>Wahdaniah
fikrygpp<=>Fikry Guna Pangestu
piqaaa21<=>Piqaaaaaaaaa
apriansyahran_9<=>RIAN
_tomyhehe<=>Tomy Febrianto
vaniwikas_<=>VaniWikaSundari
mezyanzwary22<=>mezyanzwary
benohersyah<=>Beno Hersyah
maudyaprinanda<=>Maudya Prinanda Dwi Utami
lmsgn<=>Ligo Mori Siagian
mariateodosiaa<=>Maria Teodosia
ulanpermatasari18<=>UlanPS🎀
mochamadalbackry<=>Ur Baba
audrliya_endah<=>Audrilya Endah
rifkyallifudin<=>𝐑𝐈𝐅𝐊𝐘 𝐀𝐋𝐈𝐅𝐔𝐃𝐈𝐍
stvnjoo1<=>Steven Jonathan
jeffrymandailing_<=>Jeffry Mandailing
hadi.prayogo<=>Hadi Prayogo
diitamei<=>Dita Meilina
fiqrifarendi<=>Fiqri Farendi
desi_minarsih<=>Desi Minarsih Echi
gtaftr9<=>Gita Fitria
evd_tantrii<=>Evi Ade Tantri
doli_wismoadi<=>Doli Wismoadi
hy_wis<=>Kris
rizkysyariff<=>Syarif Rizky Kurniawan
tecklanina_<=>nnnnn_
putriaaryni_<=>Putri Aryani
dinamaryana18<=>Dina Maryana
dtdrp<=>Dedy Putra
yhddi16<=>S A Thais
gn_bakrie<=>Gerry nur bakrie
octaviani.maria<=>maria octaviani
bimzzdni___<=>Abim.Zi
muhammadjabars<=>Muhammad Jabar
mdevvv_<=>Muhammad Dafid Reda Anugrah
matbramasta_22<=>Mat Bramasta
fatmaw2712<=>Fatmawati
rzkyy.m<=>Muhammad Rizky M
alfiyouu<=>Alfi Syahri
flora._nw<=>Flora N W
fransiskabrty<=>Fransiska Berti
suhendra3893<=>hendz
apriyamawar_<=>Mawar🍭
lubis_adijah<=>lubisadijah
amnsptraa_<=>Amin saputra
dewigeorgia<=>GDYS
roy_aldjaafar<=>𝕞𝕦𝕙𝕒𝕞𝕞𝕒𝕕 ℝ𝕠𝕪 𝔸𝕝𝕕𝕛𝕒𝕒𝕗𝕒𝕣
self_apenk<=>Apenk
_salmifarhan_<=>
kevin.octavius<=>Kevin Octavius
gtraaimzz<=>Muhammad Gatra Airmas
meisy_19<=>Meisy
mob_0896<=>Nurluswanto
missdamantuka<=>G I N A
nurrahim22<=>Nur Rahim
apriandptra<=>Apri Ananda Putra
junardo_doo<=>Junardo
risya_renati<=>Jihan Valenzka Makailla
bambangwahyudi_14<=>Mr. Beng
ima_nurhasan<=>ima
lzanramadhan<=>Izan Ramadhan
aufaqori<=>Putra
anggitameysi<=>Anggita Meysi Pratiwi
nenny.lestary<=>nenny lestary
richardrouhard<=>𝑹𝒊𝒄𝒉𝒂𝒓𝒅 𝑪𝒂𝒆𝒔𝒂𝒓
agnesjong<=>Agnesss
dyanrhana<=>Dyanrhana Maroon
reza_syptrr<=>EJA
maishandraswara<=>Mai Shandra Swara
ost_rostianti<=>Chyost
dregs_yudi28<=>yudi_dregs
apriliaanada<=>𝐚 𝐩 𝐫 𝐢 𝐥 𝐥
hartarti.indah<=>Hartarti Indah
mfaridarkan_<=>ᴍᴜʜᴀᴍᴍᴀᴅ ꜰᴀʀɪᴅ ᴀʀᴋᴀɴ
novitaliatasarimanihuruk<=>NovieManihuruk
natomocay<=>MOCAY
hengki.jaklah<=>Hengki Jak Llah
yosisudarsi28<=>Yosi Sudarsi
deni_febriansyah<=>Bang_Lay79
adityarizkywildani<=>Ky
apik.afriyani<=>𝕡𝕚𝕜𝕜
vhera2324<=>Muhammad Desvira
dimas_hasballah028<=>D I M A S
annisa_flenzoo<=>
nurhayatikyuel<=>Nurhayati Kyuel
intan_rosita<=>Intan Fitra
luluhnd<=>Lulu Handayani
suryadi2203<=>Suryadi Icun
ahmadazkaazkiyaaboebakar<=>Abel Abel
annafiatuzakiah<=>Annafiatu Zakiah
iyaandarini_<=>IYA LIA ANDARINI
queennovaaaa<=>haiiiiqueen_
fajriyan_17<=>Fikri Ihza Fajriyan
os.carlos__<=>Oktaviano Sean Carlos
heli_xiau<=>Heli
desmondachelvin<=>
nazul_adv<=>Survival
kerissn<=>Keris Negoro
amryl_syahrizal<=>Amryl
dnddaaaaaaa<=>Call Me Dinda🐣
tarysung<=>Tary Sung
catatandef_<=>DEFI KARFINA
yuli_dewantiana<=>Winny Aidil
ryskarynt<=>Faeyza_cakery
enndd___<=>Endang Kurniawati
elly_wati<=>Ellywati
paskalisapriyadi<=>PA
sabanputra_89<=>Muhammad Saban Putra
anggara_yayan<=>yayan anggara
khaisar10<=>El Mahmudy
advenia_ellyanta<=>Advenia Ellyanta Kadaryanti
jabfarii<=>Arie Jabfari
_arifardianto<=>Arif Ardianto
fitri_momy_inaya1<=>Fitri Dermawan
willybrodus19<=>
agus_yahya1441<=>Agus Yahya
muhammadirvanfdillah<=>Ferrox
dj_hiqtimelqueen<=>HiQti MelQueen
oki_setiawan27<=>oki setiawan
rzakrnwn_6<=>Reza Kurniawan
noi.alwi<=>Hamba Allah
rzkariyanti<=>Rizka Ariyanti
deviramadhania<=>Devi🌛🌼
aryadelopratama<=>Arya Dello Pratama
sungsang_01<=>Chindy Sulastri Ningsih
kakpud<=>Sumbawati Putri Melati
albasri1597<=>AL
anggitawahyuningrum<=>Anggita Wahyuningrum
hrt.kiki<=>𝓀𝒾𝓀𝒾
edoositanggang<=>Edoo Sitanggang
tinta__biru<=>Filla Delvia
issupriadi<=>Adi  Wijaya
syarifahyunarti<=>YUNA 🐈
dimas_kusumasadi<=>Dimas Kuncoro Kusumasadi
tiaslhi<=>
mia_astrii<=>
boy4patnam6<=>Boy_4Patnam6
ir_tono<=>Suhartono AP
lisahadiant<=>ليس حدينتي
faiqardhana<=>muhammad faiq ardhana
bang_arif__m<=>jual angen
ivan.whyd<=>Ivan Wahyudi
fitripurnamaa<=>Fitri Purnama
een_hendri46<=>Bg.Een
fttyassegaf_<=>𝓢𝔂𝓯 𝓯𝓪𝓽𝓲𝓶𝓪𝓱 𝓪𝓼𝓼𝓮𝓰𝓪𝓯
_akuicak<=>𝓙𝓾𝓼𝓽 𝓽𝓱𝓮𝓻𝓮 𝓘 𝓪𝓶
m_saputra165<=>PIO CAST
khairulsanny29<=>Khairul Sanny DreGd
10epamuna_<=>S H I V A   U L M U N A
hajri_bayunda<=>Hajri Bayunda
fjrmahendra<=>FajarMahendra
deny.a.saputra<=>Deny Aditya Saputra
ristarianto<=>Mi2@rista
ferdysafriansyah<=>Ferdy Safriansyah
daeng_syaiful21<=>Syaiful Bahri
hazmijsh<=>ℍ𝕒𝕫𝕞𝕚
dandyrayhan_<=>Dandy.
akuang45<=>Akuang Dwi
mr_misran<=>misran
indryoktavianii<=>Inn
abdmnf96<=>Abdul Manaf
ari.syarif_<=>PTK 📍
wulanpuspita50<=>W U L A N🦄
frrsbntng_<=>
abah_banana<=>Dede Putra Saleha
reza.alfarizy_<=>RezaAlfarizy
bektichua<=>Bekti 蔡
chandra_phang<=>Chandra Phang
devidestria95<=>DafaDafi DafaDafi
imanuel_gio<=>Gio
wina_dolpyna23<=>Wina Dolpyna
r_nawarismaaaa<=>ℜ𝔞𝔟𝔦𝔞𝔥 𝔑𝔞𝔴𝔞𝔯𝔦𝔰𝔪𝔞
sitazuli_<=>tajol
rhmynidsy31<=>💍احمد سبيني
nurdinsiregar14<=>Nurdin Siregar
denysula<=>Deny Gilang Pamungkas
riaarstaa<=>Ria Arista
tertulianusbarito<=>Ito
didimohammad_<=>Didi
citra_meilinakusuma<=>citrameilinakusuma
virvyvita<=>𝒗𝒊𝒓𝒗𝒚 𝒗𝒊𝒂𝒓𝒕𝒊𝒓𝒕𝒂 ✨
dedeapriiyadi92<=>dd kuyy
tgrerlangga_<=>TgrErlangg∆
ventikepriana<=>Venti Kepriana
bellaliaanwari<=>Bella Lia Anwari
alzii02<=>ItsmeFAMO*
andy_octavianus<=>Andy Octavianus
kitingarif<=>Muhammad Arif Rahman Kiting
aguskurnia.saputra<=>Agus Kurnia Saputra
dessiehapsari_1989<=>Dessie Hapsari
miraayulianii_<=>
sariifeh23<=>Saripah Iphe
herupadewa<=>Heru Daputra Padewa
bllptrprtma01<=>🔥بللا
alexandrechristie_stg<=>AlexandreChristiestg
annisajanuartii<=>
fiqribramastia<=>zulinafebrii
sofianaanggun<=>Sopiana Anggun
dboratambunan<=>Debora N Tambunan
sammyrwakdjapar<=>Sammyr Wak DJapar
thiawidyaningsih<=>Thia Widya Ningsih
fika_zeofara<=>fika damaeyanti
bayukarya__<=>Bay
aldinur22_<=>M. Aldian nur
vendy_788<=>Vendy
amirulfahad<=>Amirul Fahad
wilibordus_dwiki<=>Ɯιℓιвσя∂ʋƨ Ɖωικι Δиɢɢσяσ Ƥʋтяσ
restytuta_shanty<=>restytuta shanty
cress.id<=>Random stuff❤️💛💚
andika.sr<=>أنديكا ريال
muhammadhapis26<=>muhammadhapis
prayogasyaptra<=>Prayoga Syaputra
itaftmwti<=>Itaa Itaa
afriadi_aldyand<=>Aldi Afriadi ✌
dwitrianiadistia12<=>Dwi Ananda
andre_reysa<=>𝙰𝚗𝚍𝚛𝚎 𝚁𝚎𝚜𝚑𝚊 𝙵𝚒𝚛𝚖𝚊𝚗𝚜𝚢𝚊𝚑
anna.vhie<=>Anna Vhie
dhian_lhestari<=>Dian lestari
faira_djahidin<=>Faira Djahidin
eza17_lv<=>MUHAMMAD REZA FAHLEVI
ij_ikajuwita<=>Ika Juwita
putriramayanii<=>Putri Ramayani
egawhyd<=>Ega Wahyudi
hallo_moez<=>Hamba Allah
yunnnnniiiiiiyn<=>Yunii
hrd_s98<=>Hardi Saputra
paskalia1<=>PaskaLia
hendrabayu3454<=>Hendra Bayu Wahyudi
dwihana_febrianty<=>Dwi Hana Febrianty
fradinatacandra<=>Candra Fradinata
mfeitslraa<=>Muhammad Feitsal Restu Anugrah
nurulfaizati<=>Nurul Faizzati
ansori_aa<=>Akhmad Ansori
chandrawinata37<=>Chandra
trii.utamiii_<=>Triutami_
leonardus.ekoputra__<=>LEONARDUS EKO PUTRA
septiimulyanii<=>Septi Mulyanii
putra.moh95<=>Maep
widya_sentya0909<=>Widya Sintya Wati
hildhandayani<=>Hildha Handayani
wahyuarfnur<=>Wahyu Ariffuddin Nur
selfmadeekka<=>
walita_30<=>Walita Oktriana Nora
gabriellastessiarpan<=>ms cichiiii 🐣
arifin.arjos86<=>ArifinJos D'Asgard
mahdiimammm<=>M
mayaputri44<=>Maya Putri
egho248<=>Egho
monicavennysia<=>Monica Vennysia
furqan_alazhar<=>furqan alazhar
viramunika<=>Viraaa
ccyuliansih<=>Cici Yuliansih
silvanus_hero<=>
triaprilliakurniasari<=>𝚃 𝚁 𝙸
sarianugra<=>Sari Anugra Wati
erikpratamaa21<=>Erikgoyy
muhammad.yoggy<=>M U H A M M A D Y O G I
najkayla<=>Kayla Najwa PRA
alpil_amrullah<=>Alpil Amrullah
bandi_079<=>Sahbandi
abimulya16<=>Abay
neniharliani<=>Neni Harliani
rizki.fiedtriana<=>Rizki Fiedtriana
shintiadari<=>ShintiaS
steven.febri<=>Hamidah Febriana
benk2571<=>benk
rfqirmdhan_<=>رفقى رمضان
nuratikahh_31<=>Ahmad Gibran amadhan
betty_asri<=>betty ASRi
epaniaheni<=>Heni E P Medall
miftahulfitriadi<=>Miftahul Fitriadi
iiemuthiarashagita<=>Dedeg Dedeg
ridiwirianto<=>Ridi Wirianto
aziz_kafabihi<=>Aziz Kafabihi
aryferdiannn<=>Akim
cantika_dewi92<=>cantikadewi
saharaapriliyani86<=>SarahAp
haris.ahc17<=>Abdul Haris Chaitami
dayangdea21_<=>Dayang Dea
muhammad_syahruramadhan<=>
marwensi_udit<=>Wns🥀
winirahmadanti19<=>WR
mou.mo37<=>Momo
kosmas_aliap<=>Kosmas Aliap Aart
wim_ciss<=>wimsisca nainggolan
pujir_06<=>PujiR
yoga_perdana14<=>Yoga Perdana18
yolandaaaaaaa43<=>𝗔 𝗬𝗨𝗠𝗘𝗜𝗗𝗔 𝗬𝗢𝗟𝗔𝗡𝗗𝗔
lismahadheyanti10<=>Yanti
tomm.alecxander<=>Tomm_Xander
efrozfood<=>efrozfood
beno_ardiansyah<=>Beno_gusti ardiansyah
damydonjuan<=>Damy Donjuan
sskaaprliaaa<=>𝚂𝙸𝚂𝙺𝚄𝚈
r_nie2507<=>R'nie RizQueen
congcrutz_<=>Arziwansyah
eh.venanew<=>VirenaAlvenna
normasusilowati_28<=>Norma Bahari
fadilla_puspita_sari<=>fadilla
ria.valindria<=>Ria Valindria
bajumurahserba35<=>
ahmad.black.94<=>Ahmad Black
astradaihatsu_kuburaya<=>Yudha Andika
petronius.kevin<=>Petronius Kevin Tjajadi
edypardiman<=>Edy pardiman
anggria_febrianti<=>anggria febrianati
copzzzzzzzz<=>I'M Copz
wulandarijasmine<=>Jasmine Wulandari
juliusrobert6<=>Julius Robert Simbung
utinfitriananda98<=>Utin FitriAnanda
dwi_febrie_andika<=>Dhi Kha
ekaams_<=>Eka Mardika Sari
syarifveval<=>Syarif Muhammad Atqia Vevaldi
mami_iicoott<=>Mami Icott
fz_kiehl97<=>Ozie
doniasri18<=>Doni asri
fathir__23<=>Fathir Candra Sukma
astriliasafitri<=>Astrilia Safitri
fiqry_md<=>Muhammad Fiqri
robienbareto<=>robienbareto
inisial_doang<=>Lupa Nama Ingat Rasa
clauudyo0<=>Claudio dc
oeki18<=>Kiki Kusnerdi
rahmat.kurnia.353<=>Rahmat Kurnia
eakranziescha_sg<=>Hera Frans Ischa
adi_n_pohan<=>Adi N Pohan
mimil0108<=>
kikifatmawati27<=>Kiki Fatmawati
dediprasetiawan92<=>Dedi P
anna_uray_arrafi<=>Anna Uray Hermanto
rina.andre<=>Rina Albukhari Andre
eni_hartati<=>Eny Hartati
mr_interior_property<=>MR INTERIOR & PROPERTY
yangky_yangky<=>Yangky
ash_ayuasshary<=>Dody Saputra 💍
ikaretnokurnia_<=>
dewimulialia<=>Dhewi_mulia
helvitaboru_manurung<=>Helvita Manurung
rftommy15<=>Tommy RF
mr._kring91<=>Keong135
intan_1610<=>Intan Ratnasari
_richan1<=>risky chandra
isfiansyah<=>Isfiansyah
riadachi224<=>Ria
tiwi_pratiiwi<=>aditya pratiwi octaviar
heryquila<=>Heriyansyah
jhonhasan91<=>Jhon L S
ridho_rr26<=>R.I
she_fitrirojika<=>Fitri Rojikapitasari
gorevalue<=>(taufik saputra)
wahyarti_heni_limansyah<=>Heni Wahyarti Limansyah
restuwidodo<=>Restu Widodo
wahyuwayan91<=>Wayan Ayu Visca MP
alymustofa7<=>ALY MUSTOFA
rianmada<=>Rian Mada
veranitasimorangkir<=>Veranita Oktaviani Simorangkir
prodensius<=>Jesischa Jesischa
puspita_purnamasari<=>geography📚🎓
tinie_3193<=>Kartini
evietalia29<=>Evie Talia
andinilestari041<=>Andini Lestari
uyunnn_qrtl<=>Uyun
apriyantokw<=>Apriyanto Kusumawidi
yosierlin<=>Yosi Erlin
galuh_ariska<=>Galuh Ariska
khairunnisaputris.w<=>khairunnisaputrisw
engko_eok<=>RIKOSAPUTRA
chunya_hoop<=>Chunya Chunya Hoop
indahwahyunii17<=>Indah Wahyuni
sambalnovi<=>Novi Mustika Sari
dhiscya_butik_wa_085715298207<=>Siska SAragih
ardo_putra96<=>Ardo
dessy_ratnika_sari<=>Dessy Ratnika Sary
choliswahid45<=>choliswhd15
lastriaprinawati<=>_ lastri aprinawati _
dwikiaditya93<=>Dwiki Aditya Putra
ussybellaa<=>ussybellasari
hera_ysnd<=>
retnopriyadi<=>
burhan1591<=>burhan
b_rroo<=>bro!
rzkyahmd___<=>Rzky Ahmd
usni___<=>Muhammad Husni
jayatriputra<=>JPH
desynech17<=>desy_nech17
dewipuspitassari<=>
hayatii_fd<=>Hayati
wendycgur64<=>(Kura-Kura)
auau01_<=>Auliaa
djeswariramadhanputra<=>djeswari ramadhan putra
kang_awin<=>Kang Awin
tharie_lestarii<=>Tharie Apriani Lestari
aurelia_muliyanti1992<=>Aurelia_Muliyanti
dian.sp_<=>D’03 KIDS
gadvensia1<=>Gress
imhakulata96<=>imhakhulata
mel_memey<=>
annisafitri9494<=>Annisa Fitri
taufikkurnniawan<=>Taufik Kurniawan
arispratama10<=>Aris_PS
hadigustiandi11<=>Hadi
muhammad_dika_mayandi<=>Muhammad Dika
bang_mat1290<=>Muhammad Nasir
indrawidayanta<=>Indra Widayanta
adibulan07<=>Adi Bulan
rauhulnurfajri15<=>RauhulNurfajri
ikaafajria<=>Ikaa Fajria Istiqamah
iin160618<=>desember gembira
dessyparsaulian<=>Dessy Parsaulian
armianggara<=>Armi
rdian_jun<=>𝓐𝓻𝓭𝓲𝓪𝓷 𝓙𝓾𝓷𝓲𝓪𝓷𝓽𝓸
emannn_9<=>Hermansyah
evianaputri<=>Puteri
utinsyafitriibrani<=>Pity.
nettyberlianasilalahi<=>netty berliana silalahi
tiararizkyamelia<=>Tiara Riski Amelia
ferifrndo_09<=>@riiii_09
hikmahnurul902<=>Nurul Hikmah
koplenk71<=>
angelwishfresh<=>Angela
naa_abdr<=>Na
kuya.178<=>Yaya HPWijaya
marthagina7<=>Tokoh Lie
ronaldi_capri<=>Ronald Capri
antonsulistio2021gmai<=>Yuliana
ainilestari09<=>Aini
juni.aditya74<=>Juni Aditya
gerry_syahputra23<=>𝔾𝕖𝕣𝕣𝕪 𝕊𝕪𝕒𝕙𝕡𝕦𝕥𝕣𝕒
indraandani02<=>Indra Kcu
iqbal_muhammad2606<=>Iqbal Muhammad
firdausarfi88<=>HOME distro
ricqy_ricqa<=>♥ hillya ~ tirta ~ beyza ♥
jennioliviaa<=>Jenni Olivia
ridosaputer<=>Redo_
saryfokas<=>Saryfhokas
riskyrizaniansyah<=>Risky Rizaniansyah
__g.aszh29<=>N E M O
indrianiyanti<=>Yanti Indriani
_lllars<=>Laras Kurniass
mstrnopal<=>Mustar Nopal
zoyaaforever<=>Zoya Zif
muhammadzulfkr<=>Muhammad Zulfikar
sumardi_qq<=>Sumardi
dwijlsyah<=>-
dinalupiana<=>Dina Lupiana
putrii_rhyu<=>Putri Rahayu
iracello21_<=>
thika.yr<=>Thika YR
bedi.harto89<=>Bedi Hartono
prasetio90s<=>Superpapa
dinarokta11<=>
riidofransyah<=>Ridho Fitriansyah
wahyu_ariyandi04<=>Wahyu Ariyandi
henny_marini01<=>henny
yentinaelsa<=>Elsa Tiana
nana_armianz<=>Nana_armianz
erina.789<=>Rin Heart
minaaasw<=>
anggun_saputrii102021<=>pnyehid
indah24safitri<=>Indah Indriani
silvester31___<=>Silvester
inneke_pratiwi<=>Inneke Pratiwi
oliz_madril<=>OLIZ MADRIL
fizka_28<=>Fizka_28
kickyariesta<=>kiki ariesta
dettayunda<=>Dheta Marcha Ayunda
erikachndr_<=>Erika Tjandra
fajarpiero<=>Fajar PieRo
erikaoktata17<=>*ik_ ريْك وحيُن
galih_agung25<=>Galih Agung
rudye03<=>Rudy
meirae._<=>𝓜𝓼.
anggun_devitasarii<=>Anggun Devita Sari
herlinanovliance<=>Herlina Novli Anc Prescott
dhicky_arya<=>محمد دك
mrzulhasmi22<=>Muhammad R Zulhasmi
queensel96<=>~selfiiii🌹~
grpratamaflv<=>Rpratama
yamoranti.rosiana<=>rosiana
franz.flv<=>
ridho_alshaggof<=>Rhido_Alshaghof88
bertha_laufra<=>bertha laufra
dianambalat23<=>DIAN
dhanyanggriawan<=>Dhany
fromyourhate_<=>
vianneynaigi<=>Vianney Nona Naigi
evha.lestari1313<=>Eylash Evha
raden_tri<=>R Tri Cahyono Utomo
gisellnosse<=>GiseL_Nose
ecwynda_putri<=>Corinta Ecwynda Putri Awiariesti
mattsewh<=>Marhadi
wawan_irawansyarief<=>Wawan Irawan Syarief
hdmkalbar_paska<=>MARKETING HONDA MOBIL PTK
jehirniwan<=>Jahir Kecedot Pintu
wahyu_pfr<=>wahyu
anto_den11m<=>Anto Denim
emaryatnaa<=>emma 🌻
jscayliauw02_<=>𝕁𝕖𝕤𝕤𝕚𝕔𝕒 𝕐𝕠𝕝𝕒𝕟𝕕𝕒 𝕃𝕒𝕦𝕨𝕣𝕖𝕟𝕔𝕖💧
dwi.s30<=>Dwi Savitri
dhy_bas<=>Ardhy_ abbas
qiqiirezky<=>Qiqi Rezky
yoydaycin89<=>yoyo_daycin
riskysyr<=>MUA Freelance💄
finaaprianti<=>fin
e.radityo<=>R I Z K Y
s.hanizar97<=>Libra💫
stepanus_ido<=>ido666
llatfya<=>laa
ginanurf09<=>Gina Nurfitriani
_warga.sipil<=>firdaus ahmad yacob
ian_inst_<=>Usman Yanto
ilham_inst<=>Ilham P. Ledok
valentinaahuan<=>Valentina Ahuan
dinamarya01<=>dina marya
natasyahherta<=>Natasyah Azrah Herta
juardi_<=>Juardi
reyza_dimas<=>
ramaaristiyo<=>ramaaristiyo
s_miita20<=>Sasmii S. Mitta
hidayataskur<=>Askur Hidayat
mrs.tikaatika<=>اتيك
safitrie42<=>Safitrie
rimarazhari<=>Mima
yanty_yan98<=>Yanty_98
adimulia06<=>Adi Mulia
kevinclarita<=>Kevinclarita
devi.prisskila19<=>devi priskila
licia.kristin<=>licia kristin
casper_3366<=>Denny Ariwibowo
vinardo_b_silalahi<=>Vinardo Bello Silalahi
andri.ardian<=>Andri ardian
gerryjarangpulang<=>Gerry Jarang Pulang
s.roni5758<=>
suryanihalim_makeup<=>Suryani Halim
arif_6457<=>Arif
dwiana_gouw<=>Rafaela Dwiana
ridwan_hermawan01<=>Ridwan Hermawan
huilieliechai<=>Chai Lie
dhytomo2<=>Dhyto Momo
dwi_chandra.25<=>Dwi Chandra Binsar Pandjaitan
takdun260190<=>MyLupzh Ciebubu
badayguntur<=>T.M.Nanda
yudha_fitripuspito<=>Yudha Shinta
divimuhamadh<=>muhamad divi
liannyningsih_dian<=>Lianny Ningsih Dian
perdanadianeka<=>dian eka perdana
dinihrdiani_<=>Dini Herdiani
dindarzkyismania_<=>DindaRiskyIsmania
sellyawardhani<=>seLLya wardhani
widi_kidiiwww<=>Iin_Synyster
qory_92<=>Qory
vivysyahidah<=>Vivy Syahidah
dinasagalokakusuma<=>Dhina Sagaloka Kusuma
ayufentika01<=>Ayu Fentika
adymatize<=>𝓟𝓾𝓻𝓷𝓪𝓶𝓪 𝓐𝓭𝓲
vie5165<=>Vie
harahaptauriq<=>harahap tauriq
ira_pramita_sari<=>ira pramita sari
dyanasupianisupiani<=>🍀Dyana garden 🍀
ariitamaaa<=>ari pratama
cutmegawati<=>Megawati
kressencia.thessa.kobatania<=>Kressencia Thessa Kobatania
haris_fuad31<=>Fuad Haris Wandi
deryratnandibinsabran<=>Deryratnandibinsabran
achmad_tri2<=>Dede Achmad
ramadhansugandah<=>Ramadhan.S
arie_permana<=>arie_permana
_nsynsy<=>Ney
indra_inoe_hendrawan<=>Indra Hendrawan
alfiansyahbambang9<=>beng beng
barliansyah_<=>
dkevpna<=>nia🎀 (에비 파니 아)
athayatataa<=>tata🌷
kartikadwiantika<=>Kartika Dwi Saputra
erikdinar<=>ERIK DINAR PRASETYO
masoktv24<=>Raka Akdi Mahedda
putri_alvariza<=>putri alvariza
lussiynii.27_<=>L U S S I 🌸
setya_irga<=>Irga
lintankpukank<=>de doni
rahimanurhandayani<=>rahima nurhandayani
geraldrainerkaramoy<=>Gerald Rainer Karamoy
dohot.purba16<=>Dohot Maruli Purba
octaa__55<=>Octaa
muhamadissupriatri<=>Muhamad Is Supri Atri
esa_25april<=>Esa Saputra
berak_siram<=>Tami
ridhorifaldii<=>Ridho Rifaldi
romeoiskandarr<=>Me_yo ᕙ( ︡'︡益'︠)ง
putriwlndari__<=>ℙ𝕦𝕥𝕣𝕚 𝕎𝕦𝕝𝕒𝕟𝕕𝕒𝕣𝕚✨
putri_dwi305<=>puputputri
anugrahichsan41<=>ichsan anugrah
rhanyangah<=>rhany
dckyrmdnn<=>DeckyR
petrusdonatusdarmianto<=>Donatus Pauja
nikeariska45<=>NK😆
elsanabil_<=>
zulkarnain_smbh<=>zulkarnain
asheptyan<=>Septian Dwi Martha
ryanpratama0007<=>sandy
kholillavigne<=>Kholil Ur Rohman Lavigne
ariesuhada_kds<=>ArieSuhada_KDS
m.reza.novaldi<=>Reza Novaldi
fz_arap<=>FAIZ
jntcargopontianakofficial<=>J&T Cargo Pontianak
fahrul_bz<=>Fahrul_Aziz
anangelvan<=>Anang Elvan A
taufikhafiedz<=>Taufik
arydoank21<=>Ary doank
aulsieeee_<=>a u l i a
ceper_cepel<=>Ceper Cepel
syahrul.ramadhanviz<=>Syahrul.R
anitaparmanto<=>anita
intantania7<=>Intan Fikri
ningsihrima<=>Rima Rahyu Ningsih
eka_cuit<=>Eka Sii Cuit
yauri_urie_argubi<=>Yauri Argubi
yohanesejon<=>Ejon Entertai'n Entertai'n
udyuddygmail.com6<=>Fanny
devi_putri97<=>Devi Lestari
jefridr<=>doc.Jefri
lantika_feren<=>ren
lienha_petr<=>Lienha Domia Soju
pontianaksewamobil<=>M Thedy Kurniady
ferry_13_93<=>fery
umklsm15<=>*umiikalsum*
dilasftrx_<=>Dilla Safitri
ferielsudah<=>Ferielsinatra
aprilinda_kusmadewi<=>Aprilinda kusmadewi
mauludin_hadran<=>Mauludin Hadran
tinostark17<=>Tino
ellin0312<=>Ellin Ellin
ferymodric<=>Ferry Si Manufer
andreantesa<=>Andrean
lia_iswaraa<=>Ria
srifaryanti26<=>Sri Faryanti
noona_indy08<=>Indy Wyndye Astoethy
yhanie_wien<=>Muhammad Erwin Nienie
merrymerry3104<=>Merry
eka_cadal<=>eka
anggunj7<=>AnggunJ
oktavianispons<=>Oktaviani
emiemi8136<=>Emi Emi
yha_la_novvviasarie<=>yha_la.Novvviasarie
indra_lesmana_kojex<=>indra lesmana
icha_paramitha87<=>ichamusparamitha
masdaru_dsm<=>
elliezarviana<=>Elliez Arviana
arismnndr5<=>Aris Munandar
edward_llg<=>Michael Edward
fariz_almahdi<=>Fariz Al Mahdi
rhmd_zaka<=>Jaka
_adetyaa16<=>R.a
diahwulann13<=>Diah Wulandari
hendra_sidik<=>Hendra S
arie.arskinn<=>Arie Arskinn
edopratama185<=>Edo Pratama
tarryhuanran<=>TarryHuanran
rikifrds<=>riki firdaus
rendy_kurniawan05<=>Rendy
alfin_vikriann<=>Alfin Vikrian Noviandi
andirianto27<=>Andirianto
rosvianiade<=>Ade Rosviani
naldii126<=>renaldii126
_novitaa98<=>Novita Dwi Ningrum
elizabethtansari<=>Paula Elizabeth Tansari
novyjapri<=>Novi J
albar_riyan22<=>sa lotus
rendraa_saputra<=>Rendra Saputra
dk_impuls<=>Golden
urayrydo_<=>ryd
malaikat_israil_<=>⚡POSER RANGERS⚡
rihajeng_hr<=>
yohanescristalinobeno_<=>Yohanes Cristalino Beno
gadiscidayu<=>Frezia Anzola
mrshal.id<=>Mrshal, S.IP
lucia_lusi.d<=>Lay Shinsia Lusy
riske.suciastuti<=>RiskeSuciastuti
erfanto_familys<=>Erfanto_Familys
jaavu_de<=>de jaavu
ms.anitha_shary<=>💕 KYNAN REANITASYAH 💕👧👧
hendra_wiecaksono<=>Hendra Wiecaksono³³
windha_danyati<=>Windha Danyati
ennie_ennot<=>Ennie 2212
aminotoroto<=>Pwincess_Ami
zeniabilla<=>Rose Zeniabilla
suryawinatakusuma<=>Surya
bangfer11<=>Peri_rivaldi
nanexcemora<=>Nanex Cemora
arivitruvian<=>Ari Vitruvian
tikakhoirunnisa99<=>Tika Khairunnisa
amokgendut<=>Amok Agus Gendut
elaaamlv<=>ellaamlv
urip_sr<=>Ujang
rizallesmanaa<=>Rizal Lesmana
rikoap_12<=>Riko Apriadi
monazenobialvaro<=>😍monna......wa....💃
mardian_iann<=>𝕄𝕒𝕣𝕕𝕚𝕒𝕟𝕤𝕪𝕒𝕙 [RA]
44ynieee<=>AyNhie Azza
ndewioktavia<=>Nicky Dewi Oktavia
adeekapratama<=>Ade Eka Pratama, Amd.KG ❎
meity_istiani<=>Meity Istiani
vita_novianti09<=>Vita Novianti
lialeluni<=>Liakk
citra_marmela<=>citra sunta marmela
ibu_nya_aqilah<=>Ibu Nya AQilah
friska_januarti<=>friska
hary54<=>harry
ucimomnaya<=>Uci Dwi Yulita
rosdiana120876<=>Rosdiana Ana
luvyuuu3000<=>kepo yak haha
alpiana_<=>Ana
riansyah_maulana_abidin<=>SAMSER
putra.darma7<=>Dhar
indah.citradewi<=>Indah Rahman
22iwansetiawan<=>Iwan Setiawan
dayat63<=>dayat63
wiejanarko17<=>Wiejanarko Wiewied
armeliapurry<=>𝓐𝓻𝓶𝓮𝓵𝓲𝓪 𝓟𝓾𝓻𝓻𝔂
ngah.alwi<=>Muhammad Alwi
danielkristoven<=>Daniel Kristoven
rianhariianto<=>💍Syarifah Kirani Indah Pratiwi
maharani_winni<=>Winni Maharani
_emmarjanuari<=>Emmar Januari
taufik_auda13<=>Taufiq Hidayat
wendypratama97<=>Wendy Pratama
apit_xmantan<=>Apit X
sellageorgia03<=>Sella Georgia
rinny.zen28<=>Rinny Ariephin
raja_priesdiant<=>
restiii_ird<=>Intan Resti Susanti
bundawalzie<=>ajwa 💕 gathfan
pratiwidewinta<=>Dewinta Pratiwi
luth_i<=>
dovi.jiee<=>Dovi Kurnia
ilhamhidayat21<=>Ilham Hidayat
freddy_m_p<=>Freddy Papilaya
alisulaiman_<=>ali sulaiman
juliansy3436<=>Jul Ian Syah
annisanoviyanti_1397<=>Annisa Noviyanti
pesawat_yang_hilang<=>Dedek
cthrn_25<=>Cathrine Dwi Hapsari
azmwildanm<=>Azzmmm
yadhi_sid<=>Yadhi Sid
aswandi81<=>Aswandi
rini_rhistiani<=>Rini Ristiani Wulandari
armand_fadhillah<=>Armand
yustinasumadelima<=>Uci Catering
sakinaa0127<=>Sakinaa
fadlyan_chicy94<=>Fadlyan Chicy
therrywijayaa<=>M A D A R A
dewi_rahman111<=>dewi rahman 111
andiwakz<=>Andi Wakz
fitrimuhammadd<=>ayyasfitriani
tedykurniaw7<=>tedykurniawan
setripurwanti<=>Setripurwanti
adiwinchester<=>Ady Ng
edypurnamaa<=>Edy Purnamaa
fv.an8766<=>FV
lalalopez83_<=>Lala Lopez
mhdreza7_<=>Ly
naufalamanullah1705<=>Naufal Amanullah_
p.aprsianipar17<=>P Apriyanti Sianipar
nenitriana_24<=>Neni Triana
nyegerin_pnk<=>N Y E G E R I N
ulfa_faaaaa<=>ulfanurjana
demian_wilson<=>Simanjuntak
yogarifiansyah<=>Yoga Arifiansyah 👑
akil_inst_<=>M.Akil Wicaksono
erhapatricia<=>Patricia Erha
setiaji.aguz<=>Setiaji Al Khanza
njana3878<=>Nj_06
adibayusaputro_0412<=>Adi Bayu Saputro
habibiisyarif<=>ꜱʏᴀʀɪꜰ ʜᴀʙɪʙᴜʟʟᴀʜ ᴀʟ-ᴍᴀʜᴅᴀʟʏ
maulina_dewi89<=>Maulina Dewi
nuzulkurniaadewi<=>Nuzul kurnia dewi
ridhory88<=>Muhammad Hafiedz Ridho
hendru_saputraa<=>Hendru
danu22bejooo<=>danu22bejooo
yulis_ashter<=>Yulis Ashter
viarayahya<=>Viara Arenda
annisa_mesya<=>annisa mesya
yovilia4655<=>Yovi Lia
ya_taufik<=>Ya Muhammad Taufik
annafist4496<=>Tartila
nitajulianty_21<=>Nita Julianty
anggasaputraaaa98<=>Saputra Angga
wardessy<=>Dessy Sri War
bangtejok<=>Yudha Ardinatha
anton_nilfisk<=>Anton Wiyagi
edi_chang<=>Edi Chang
jualan_second_baru_pontianak<=>jualan ku
dedii_apriadi<=>I'm Dedy
alfadly_ahmad<=>al_
hengki_prastiyawan<=>hengki prastiyawan
yogii16<=>Yogii16
hendrikhow<=>Hendri, S. S
rini.yulia.5030<=>Rini Yulia
windhyrendy<=>Windy
ragilkylee<=>Ibenk
fajarsidikkk6696<=>fajar sidik
azmi_urfan<=>Arrahman Sidiq
zubaydah_rahmatunnisa<=>U B A Y
vita12loka<=>Vitaloka
rizal89rnv<=>Rizal
syarif_muhammad_faisal<=>M. Faisal
joule_iazulyana<=>ZuLyana
afaadhe<=>Adhe Shafa Justpadadzha
jessica_sadinda<=>🌻 Bunda Alvarez & Chloe 🌻
ais_titik<=>Ais Aisyah Titik
chika_charista_<=>
rositaitha93<=>Rosita Itha
hanafitri_12<=>Hanafitri Ria Ersyah
rickosandorroo<=>Ricko Sandorro
toto_abidzar30<=>Thoto Abidzar
muib97<=>muib97
montato.id.pontianak.gaia<=>MONTATO GAIA GF.24
ririnoctaviani11<=>Ririn Octaviani
anar.gunawan03<=>Anar.Gunawan03
christianirini<=>Christiani Rini
yuni_baatha9191<=>Baatha Wahyuni
nhia_dsiencer<=>Ns nhia Irawan
arti_dekorasipnk<=>Dekorasi,Makeup,Gown PONTIANAK
haris_camster<=>Cam Ster
natalyalovenatalyalove<=>Natalya2020
fitrianaalexi<=>Fitriana
riswan9090<=>Accha Pondong
mywlndari23<=>M A Y A W U L A N D A R I
lulu2885<=>Lulu Lay
ruudvannistelloy<=>Ruud Van Nistel'Loy
pul345<=>Putri Ulfi Lestari
ekokodok199<=>Yaudah iya
itzluph<=>C.Busan
dpramana21<=>Dpramana
jhennyafika<=>Jhenny Afika Nasution
septianisaputri8<=>putri_bilqis
rahayoefrima<=>Rahayu Frima
why.armnz<=>
sucidafira<=>sucirahmawati84
clox_46<=>Khairul Setiawan
hendy_dwi<=>Dwi Lestari
shintanovitta<=>Shinta Novitta
hendrikus.agusdinata_sm<=>hendrikus.agusdinata
p.k.yudha<=>YUDHA
kelvinkoliuss<=>Kelvin Kolius
coach_amy_pontianak<=>diet ammy
ady_narob<=>ady
windabohay<=>🖤ALLAH SWT
nia_cullen21<=>Biebie
iyossudarso104<=>Yos Sudarso
dedenpfc13<=>deden
dewilestari3432<=>Dewi Lestari
raden_mas_rudhek<=>Rudhek
vina_herminanti<=>Vina Herminanti
ramaulgasesa<=>RAMA ULGASESA
tinaagustinarangga<=>AgustinaRangga
mr.bonnn<=>BONY👽
meirizka_27<=>Amanda Meirizka Andi
fian12saputra<=>fian
ariefpra68<=>AriefPratondo
hopeestore21<=>JT Pontianak
akbar_muhammad_m<=>Muhammad Akbar
muhammadhusni83<=>Husni
melizha_qadrie<=>Melizha Qadrie
robetnegosaragih<=>Robet Nego Saragih
audiananda20_<=>
ary_nduablek<=>ARy NdaBlek
dheny_fals<=>dheny
diki.cnd<=>Diki candra
windaassyara<=>Winda
syariffaisala<=>Syarif Faisal Apriadi
lia_hd0389<=>Lia_Hd
serafina_seftiani<=>Sera
kekesndri19<=>kekek🌸
samsulmarif07<=>Abdul Ghani
ardilaann<=>Ardianto
bambangfernanda<=>Bambang Fernanda
adryanrudi<=>Adryan Rudi Pratama
tfqhdynt26_<=>TaufiqHadiyanto
cutwindawidanti<=>cutwinda widanti
fentywulans<=>SARASWATI FENTY
estydiana12<=>Esty Counslet
matta4267<=>Matta
bangboth04<=>both
zonakiki<=>Kiki Zona
sri_kusumawati_25<=>Sri Kusumawati
yuli_n_anmeyrra<=>Yuli Natalina Ershi
dedelopako<=>dede
fffffffelisiaa<=>Felisia
merryaswandi<=>Merry Aswandi
putraandala<=>Putra Andala
fdellachristine<=>Della Christine
florianus_roni<=>Roni aja
bungsuani<=>Ani Si Bungsu
ndut_gndtttt<=>Oktaulani Ayu lestari
gitania_27<=>GNR
rikko7246<=>Rikho Real
dmspn_<=>Dimas Prasetyo Nugroho
nanik.alfatih<=>Nanic Poetry Al-Fathy
ekofitriariady<=>ايگوا فيتري ريدي
lenny_sutifnadimandja<=>Titi Suhartati
edwimaulianto<=>Edwi Maulianto
soelistiyowatisri<=>riri/riya
labug1234<=>Arianto Sudarman
novichang_<=>novichang
anton_purnama123<=>Anton Purnama
nizam0213<=>nizam0213
wan_usmann<=>Syarif Usman
pa_ris25<=>Riski Onedanii
indahcaazmoy10<=>Ade Lestari
ardiansyah6521<=>Ardiansyah
maulanariskan<=>Riskan maulana
life_rootanical<=>LifeRootanicals
ekarajusaputra<=>exka saputra
ronaldctrputra_<=>Mr.R
indra_septian_maulana<=>Indra Septian Maulana
indrabontot19<=>Bontodz Baongst
3second.marelan<=>3SECOND MEDAN MARELAN
niiyyaa18<=>niyya
endro7810<=>Endro Santoso
ojii_92<=>fauzi
aprianiaw<=>🎓Apriani Ambarwati Amd.keb
plafonhery<=>Hery Plafon Pontianak
nuri_olshop<=>Nuri
meltha_alsabosir<=>Meltha ALsabosir
d.sii___<=>Desi
nathanael_wandy_chang<=>N.W.C
martini_cahya<=>tini cahya
roberhager_lrs<=>RHLRS ♚
satrianggaraaa<=>Satria Anggara
adie_pucino<=>Adie Pucino
meliana4118<=>Meliana
rahmdhani025<=>Rahmadhani
vitri_yanii<=>fitri yani🐝
mikelondok1986<=>Mike Londok
montato.id.pontianak.megamall<=>MONTATO AYANI MEGAMALL
eddisiswanto48<=>Eddi Siswanto
sandy_nu22<=>Sandy Nugroho
mama_fachriii999<=>Mbabro Hamid Ergence
vonnie_manare<=>Vonnie Manare
laaatfh_<=>Latifah
dhewi_mir<=>Dhewi_mir
amirajuni29<=>A-min
addytudee<=>Adhy
hengkyardi1987<=>hengkyardi87
handialba<=>handialba
frans_asie<=>Frans Ac
clara_evellyn237<=>Clara Green
eldaindahsari09<=>elda
mysgee_<=>M A Y
asepmandraguna<=>Asep Mandraguna
desiifrr<=>ci🦋
ifhuellrohim<=>Ifhuell Rohim
fachri.va<=>Fachri Alfaruq
neng940210<=>
putra_kb8<=>Pras
andrie__abdul_ghaniyy<=>
lukman_walrey<=>Lukman
a.lfindo00<=>alfindo
rahmat_alficky<=>THE RED SEMPANA
asinan_mamazia<=>Prasetyo Yhu-yhun Ziety
jeri_xs<=>Jeri
mey_liani05<=>Mey Liani
my_litle_family_060606<=>Sakina Halidza
fajarpratama9505<=>
sellygiovani<=>selly gio vani
yukinoniechan<=>Yukino Niechan II
larasatiela<=>Ela Larasati
_indoborneobotanicalsofficial<=>PT.INDO BORNEO BOTANICALS
indri5825<=>indri
yubu_jan<=>
christ.229<=>Christian
deciwici<=>Deci Wici
anitadewi897<=>Anita
andrii_kusuma<=>Andri Kusuma
nyaak_uhuuii<=>Sintia Monika Sudrajad
saputra.adef<=>salsabila putri khumairah
rivandra16<=>Rivandra
_frhand<=>𝖋𝖆𝖗𝖍𝖆𝖓•파한
aryandinf__<=>𝘼𝙗𝙪 𝘼𝙗𝙙𝙞𝙡𝙡𝙖𝙝 𝘼𝙧𝙮𝙖𝙣
ratihjuniarsari24<=>Ratih Juniar Sari
dewi_embem20<=>Dewi Sartika
harzub_firnandy<=>Agus Firnandi
nuhan_sastro<=>R.M.Nuhan kopler #03
acehardware.pontianak<=>ACE HARDWARE PONTIANAK
khansa_nafisha<=>Rahma Khansa
tasaa1988<=>🐸tasya disya nadira🐸
_giyar<=>iyarr
zubay_alifa_azhima<=>Zubay_Alifa2209
aisyah_jayakaca<=>Aisyah As-Syahrony
ardyfermana<=>Ardy Fermana.
dimas302050<=>valensio dimas
giettz_inggit<=>Gietz Yuningtias
yustina._amelia<=>Yustina Amelia
ardi_zed_stp<=>Ardiyansyah Zed
samsur234<=>samsur
evimalasari051092<=>Evi Vidie
mrrypuspitta_<=>Merry Puspita Sari
sisilup88<=>Yuliana
vhiekha_ricky<=>Ricky Almos
heru.dc89<=>Heru DC
candrawijaya9155<=>A C A N
ayieabdulhalim<=>Ayie Abdul Halim
lenimryani45<=>Leni mariyani
ani.vitry<=>Vitry Ani
fadlimmunandar<=>Fadli Munandar
jamalumsitumorang<=>Jamalum M Situmorang
ratna.21<=>R
melli_hyr<=>한영 라 ❤
destiulvatiya<=>Uul Tya
wndaayd_<=>Winda Kermayuda
ellisaatianingsi97<=>Ellisa_Atianingsi 🖤🐼
pillows_cozy<=>℘ıƖƖơῳʂ ƈơʑყ
enonurhayatiretno<=>Retno Nurhayati Eno
ri0prayoga_<=>Rio Prayoga
mdederudiansyah07<=>M Dede Rudiansyah
jeslynhela<=>Hela Jeslyn
uju_teis<=>ishak
rpramadanidian<=>Ptri Ptri
algio_fc_official<=>Syifa Art Printing
rosalin.rosa.370<=>Rosalin Rosa
velove_love<=>Susan
vhie_bornenk<=>Cheapoedan
riskajuliaananda_<=>Riska Julia Ananda
yatno_ridha<=>Ridha_Yatno
arga_riyanto<=>AAR
arrisaputrra<=>𝔸𝕣𝕚 𝕊𝕒𝕡𝕦𝕥𝕣𝕒
hvespa<=>Hendro.Wastuardi
3secondfs_garut<=>3SECOND FAMILY STORE GARUT
rikyantoni09<=>Antoni riky 🍃🍃
m.arip.h.t<=>M. ARIP. H. T
jntexpress_dansen<=>J&T Express Danau Sentarum
di_kkaaa<=>Andika Maulana
gib1864<=>gibran
wulan_wardrobe<=>@piesusu_wulan
jnn_eyewear<=>JNN Eyewear
junaidi_mahardika<=>Junaidi Mahardika
indraputra.bdst<=>indra putra
rc.icoo<=>coo
3secondbigmall<=>3SECOND BIGMALL SAMARINDA
igoendsyafutra<=>Igoend Syahfutra
nasikulitsyuurga.pontianak<=>Nasi Kulit SYUURGA Pontianak
roserose9198<=>Rose
gusniar_allexander<=>Gusniar
marwan_ffc<=>Marwan J Ffc
gitaaa_ds<=>Gita_dewanti
celhw<=>hwang
chandra_purnomo<=>Chandra Purnomo
visyans2<=>nopii_ns
nasiahpnk123<=>Nasiah
nadia_zalianti8<=>Nadia_zalianti
sqktvsekadau<=>SQ Official
ooo_shin<=>Shinta Pertiwi
naunau_tart<=>Lina Fitriani
asenq_88<=>Asenq
bajupontianak_<=>baju murah pontianak
hestyselvianti<=>Hesty Selvianti
andi_01.19<=>Ari Yandi
d_tian93<=>Tian
_dewikurniasi_<=>Dewi Kurniasi
queenfiraa<=>Elfira Lestiani
akhwatzk<=>
sandriyn_<=>Sandri Yuliyanti Ningsih
ardiar_9<=>ardia
3second_cendrawasih<=>3SECOND CENDRAWASIH YOGYAKARTA
rifan2526<=>Rifan Irwanda
jbn_alexandria<=>Setia Aji Nugroho
putrakurniawan844<=>Abo putra
3secondponorogo<=>3SECOND PONOROGO CITY CENTER
hakayurikaa<=>HakaYurika
saparida3<=>saparida
ragunawati<=>Dede IIP
srio910<=>Sriyana
welliamswijaya<=>Welliams Wijaya
sheza_almahyra29<=>She²
daengokta<=>D.Afrisan Delusa
kataper2<=>Kataper
yetty_sulistiani<=>Yetty Sulistiani
imyuliii_<=>𝓨𝓾𝓵𝓲𝓲✨
anton_nurmana<=>Anton Yohikky Hizzakyu
boriel994<=>Rian_boriel
dmardiant<=>EDI MARDIANTO
failani_<=>Rois Adnan Fanreza
ginanjarsubatin<=>@Gsubatin_13
echacandy<=>
jamil_e87<=>Nurjamil
herry_2am<=>~¤H3RRY¤~
mardiati.marniie22<=>✂️𝓜𝓪𝓻𝓷𝓲22✂️
kak_ikhaa<=>Gugle Id
mariamariana2146<=>Maria Mariana
yusuf_inst90<=>Yusuf Van NAzriel
yuliantsibee<=>Yuliant Si Bee
zheine_prasetya<=>Zheien Prassetya
viovianney<=>V I O 💎
endur.endur.735<=>goshnewbag.bata.rotelli
mikha_marthen<=>Mikha Graceana Marthen
deviputriutami9<=>Deviputriutami
hung_cing<=>Cing Hung
anggun.bl<=>Anggun Budi Lestari
natalia5256ktp<=>Natalia
izankz200<=>izan
eviailina<=>evi ailina
sbr.bdmn_20<=>Minions
alif_alkhalif<=>Raden Alif Al-Khalif
buyunk_ns<=>Buyung N S
mas_leee<=>Ilham Dani Rifai's
sitymutmainna<=>sitymutmainna
abd.qodir_<=>Abd Qodir
yesiwahyuni8<=>nuyyesii
adiabdullah42<=>Adi Abdullah
syahdan5254<=>
setyarr23<=>Distyary9
gustio_mahendra<=>Gustio Mahendra
s.r.ayu_stt_33<=>Sri Rezki Ayu Stt
el_bargha<=>BarGha
sellaanggraeni915<=>shellaanggraeni
abad_wulandari<=>Abad
bellasintt<=>Nabella Sintiyaa
incezt_dhechyie1912<=>dhechy_alies
coklat.panas19<=>Hasyim As'ari
bassry_76<=>Bassry
ferdianganda_na<=>Ferdian Ganda wijaya
wandi9540<=>Wandi Afriyandi Adi
kwprooo<=>KW project
arditya182<=>Arditya
ockta_ds<=>Ockta LanJoout
eril0179<=>HayrilAnnuwar
muhamad_hidayah<=>Muhamad Hidayah
_qwerty8<=>Linx
didikhardiyantto<=>Didik
dellaudina<=>della
zzzzzzhsshhe<=>
ilyazsputra<=>Ilyaz
3second_tp<=>3SECOND TUNJUNGAN PLAZA
nauraptry__<=>
adytyapratama<=>surya adytya pratama
pendi_pixel<=>Pendi Pixel | Graphic Designer
meytarideya<=>meytari Deya
davin_rzal44<=>BJ second
risyadindra<=>risyadindra
andra8055<=>Andra Saputra
mallacapricorn03<=>MallaFikri
windi_wwseblakkering<=>
rhadytfivers<=>Rhadyt Fiverz
fajarluffy15<=>fajar
3second_wtcjambi<=>3Second Wtc Btghari Jambi LT.2
setiana415<=>Tio Setiana
herru_update<=>HEЯRU
nyonya_zehan<=>Nyonya Zehan
imammuharyo14<=>I M A M
pakcikdona02<=>Pakcik Dona
natasyaa_88<=>Natasyaa _88
merry_artika16<=>MerryArtika
rudianto.arigato<=>RudiAnto
dimasdims14<=>Dimsditya
algipariall<=>Algipari All
khairilmaulana12<=>Khairil Maulana
kavita0880<=>ika
junizar_jun<=>Junizar
hi_aiueo_<=>aiueo
agnez_kurniawati<=>Agnez
erwin_win_win<=>Erwin Win-win Parmin
aldheakhairunnissa<=>Dea
store3second_lippoplazakendari<=>3 SECOND LIPPO PLAZA KENDARI
herry.noell<=>Daeng_herry
tapukwinata92<=>Tapuk Winata
aa_pato<=>aa pato
puddingregal_mamaani<=>Cake & Kuliner Pontianak
riedho_inst<=>RIEDHO
iqbaal_maulana<=>Iqbaal Maulana Sabpril
_endes002<=>
b_s.collections<=>Bags & Shoes Collections
madebydt_<=>
elsy_nayyanayla<=>Elssy Nur Budi N
rioagus10<=>Rio
fee5_zero<=>Arbae
ne.lly8692<=>nelly
pratamiwiidya<=>Wiidya Pratami
afin.hitto<=>arifin#walet jaya
3sco.rukobpp<=>3SECOND RUKO BALIKPAPAN
3secondrukopurwokerto<=>3SECOND FAMILY STORE
riskamarce<=>Riska Marcella
mellianameryshope7<=>tanpanama
taufiq_hidayat1302<=>Taufiq Auda
adv_pratama<=>KING RAFISQY
andysulthan<=>andy sulthan
yenythen<=>𝓨𝓮𝓷𝔂 𝓣𝓱𝓮𝓷
syahmi_boriel<=>شحمنان ابن حسن
gisellcakes<=>Gisellcakes|Kue Ultah Ketapang
messs.h<=>areeeeen
ge.antony<=>
martin_manihuruk86<=>Martin Manihuruk
putriayyuuayu<=>Putri🌷
3secondewalkbalikpapan<=>3 SECOND E-WALK BALIKPAPAN
dede_dende<=>
dhaanyazwar<=>Dhany Azwar
chindy_cp<=>CHINDY PRINTIA
mlalulili<=>
rumahyuzaqi<=>Mamanya anak-anak
drwskincare_dewi<=>Dewi Astriani
elby.t<=>Elby Tendean
nisaaaaaaaaid<=>Nisa Kamisah
s_raniati<=>Sri Raniati
egyputraramadhan<=>egyputraramadhan
besamakita123<=>z_one
wirnawati62<=>Wirna Kirei
ciciani89<=>Emiliana M
asepffirdaus<=>Akek
dewijuliana02<=>Dewi Susan
titinkristine_28<=>Titin kristine
am.fitrayadi<=>Am Fitrayadi
mhaekal_siregar<=>☣𝔥𝔞𝔢𝔨𝔞𝔩'𝔰𝔦𝔯𝔢𝔤𝔞𝔯™
grey_aerox<=>Aerox Grey
putranta_137<=>
_haloorafi<=>Putra
mia.julia89<=>Julia Sukmiati
nonoya234<=>nono234
daniokitchen<=>Danio Kitchen
edykurniawan708<=>Edy
lempok_durian_kamdal_rasa<=>Lempok Durian Sukadana
rinasipahutar_17<=>اين
setyaels_<=>𝓔𝓵
kaumkusamkaumkusam<=>Kaoem Koesam
3second.kediri<=>3SECOND FAMILY STORE KEDIRI
nurkadardt<=>ANQ
santo_hermawan95<=>S. hermawan 3115_01
tomi_ismaill<=>Kertas_Putih
iludrock<=>Ilud Rock
okaanong<=>Oka Anong
pomadestorepnk<=>#POMADESTOREPONTIANAK
meilina809<=>Meilina
borneoduino<=>BorneoDuino
amperasecondbrand_<=>Amperasecondbrand_
anton.sudibya<=>
adeitugondo<=>Ade Gondo
rizky.azwar.509<=>Rizky Azwar
irfann120295<=>ahmad irfan
hidayat.wildan<=>Hidayat Muhtar
bropiiiiii<=>Bropi
nabilamufida23<=>nabilamufida
julia17793<=>Juliana
tiiakhasanah<=>Tiia K'Hasanah
cindymelindaayu<=>
malapamela_<=>Mala Pamela
robby_firly12<=>OBBY
pr3dat0r126<=>Red Moment
3second_palangkaraya<=>3SECOND FAMILY STORE PALANGKA
ijulmasnaen<=>Ijul Masnaen
dian_lhestari<=>Dian Lestari Lestari
gracetiffhani<=>G R A C E 🌸
hardijawe<=>Nita Julianty
maharany_mimi<=>Maharany Sharga
reivall.dy<=>rival
yoyiafang<=>Yoyi Afang
ira214__<=>I R A
arie_menyink<=>One Heart
frmdinaafra<=>𝙁𝙍𝙈𝘿𝙉𝘼 𝘼𝙁𝙍𝘼 
storegreenlight_ciwalk<=>GREENLIGHT CIWALK BANDUNG
fitriani2123648<=>Fitri
3second_rukomataram<=>3SECOND MATARAM
uni_wiryatami<=>Uni Wiryatami
muaz.muaz.12576<=>Muaz
yayaalmiqbal<=>Yaya
picnic_hollic<=>Deddy A Hendro
julaiha_oeray<=>JULAIHA OERAY
store3second_streetshopjakal<=>3Second Kaliurang
merrygouw88_<=>Cristian Del
skrthzx<=>lota
hery_achay<=>Herry Achay Kurniawan
dirgantara_boys<=>dirgantaraboys
dhewy_ry<=>dhewiMaryani
tiyo_1143mw<=>PRASETIYO
lande_lina_uchu<=>Uchu Lhan
yusri_anzon<=>#toyotaketapang
yenioktrivani<=>Yeni oktrivani
bordir_pontianak<=>Bordir  SELEMPNG.wisuda 20k
rudi_atk<=>Rudi Antartikawan
liundieralevy<=>levy liundiera
acgracella<=>Apriani Christy Gracella
shopandtalk.ayanipontianak<=>Matahari Ayani Pontianak
ekothegooners<=>Eko Thegooners
chicko_chickchick<=>RumahPonti
3secondmadiun<=>3SECOND FAMILY STORE MADIUN
irma_srihayati<=>Irma Srihayati
yamienfu<=>Muhammad yamin
vionaamilia<=>Viona Amilia
archive.bagas<=>
yusuffefd<=>yusuffefendi
dewiiristalayungsari<=>Dewi Irista Layung Sari
hen_ni46<=>henni46
arini.90<=>
805__nurdy<=>Nurdy
recruitment3second<=>Biensi Fesyenindo Career
lokerkalbar1<=>Lowongan Pontianak Kalbar🔵
yenise690<=>Yeni
yayatnaa<=>Yayat
ng.golan22<=>hutabalian
dwiyantiapriliana<=>dwiyanti apriliana
aajy889<=>Beri
kurniawatinia801<=>nia kurniawati
charles_da_costa<=>Charles da costa
vernnnv<=>
suryadihedi8896<=>Hedi Suryadi
ptrc_chy<=>
ayanimegamal.official<=>Ayani Megamal Pontianak
rasyaaasafa<=>
sheillaislahiyah<=>Lalapok_
akunnnnn_matiiiiiii<=>Akunnnn matiiiiiii
dia_sunglassesptk<=>✨ KACAMATA MURAH PONTIANAK ✨
3secondmanado<=>3SECOND MANADO
3secondjogjacitymall<=>OFFICIAL3SECONDJOGJACITYMALL
maufirohid<=>Maufiroh ID
mrs.ddw<=>
ceciliaaa99<=>sisill
muhammadharyady<=>Muhammad Haryady
khoir_baridink<=>Khoir_Baridink
benediktushendrikusnadi<=>Benediktus Hendrikusnadi
kynicaa_<=>-
lowkerpontianak.id<=>Lowker Pontianak ID
yayan.enc<=>yayan Enc
dyana6316<=>Meirouz Dyana silaen
nurrfazrini<=>aneka perabotan ptk
rezaa5953<=>Rezaa_setiawan
store3second_ratulangimks<=>3 SECOND RUKO RATULANGI
andis_inztag04<=>Andis Setyawan
alissadaraparamita<=>Alissa Dara Paramita
sintangnews<=>🆂🅸🅽🆃🅰🅽🅶🅽🅴🆆🆂
airisvinara<=>airisvinara
neslowrider<=>nes lowrider
3secondmogmalang<=>3Second
weightlossbyangela_jateng<=>WEIGHTLOSS BY ANGELA GILSHA
anugrah.skin<=>FAIR N PINK and MASK ETUDE
muhammadangga474<=>Muhammad Angga
syamsihm<=>Samsih
difabio_arland<=>DiFabio Arland
brendi_ganda<=>
benyjunior28<=>Beny Junior
bob_sanusantara<=>yudi/bob
inda.salsabilaa<=>
yani.hermawan.167<=>Yani Hermawan
ketrina_ramadhantea<=>Ketrina Ramadantya
haskhito<=>Nabil Haskhito
reina_qanita<=>qanita reina
edoetmobs_<=>ムハンマド・リダ   ●  江戸
monicapragata<=>Monica Agata
mey.chan88<=>
syukriani13<=>Syukriani Eka Sani
indrieanna<=>InDrie Anna
_galeri_pendaki<=>Sese Sese
coco_hen9<=>Teuku Hendra Ali Suryana
alim_939<=>Alim
ekasbreaks<=>Ekas Breaks
attakusumaa<=>atta
usu_yeyen<=>Nuri Rukmana
theanjavas<=>Thean Bundana Javas
yhana_hantaransyakira<=>Hantaran pokoktelokPontianak
muhammadakashh<=>akash
rim_ginting<=>Franks Frima Ginting
mohd_hamdan27<=>mohd hamdan
store3second_ritamall<=>3SECOND RITAMALL PURWOKERTO
juulya_jul<=>JUJU
fatiyyah.dewi36<=>Fatiyyah Dewi
vianaadirajad<=>viana adirajada
inimia_afh<=>M I A
luky_hilman<=>Luky Hilman
jobs.general<=>Job General
taripsipreneur<=>Dewi Puji Lestari
lisaa_10152<=>Lisa
sherlysihasale<=>Sherly Yoelisna Sihasale
zhiomaulanazhiomaulana<=>Zhiomaulana
anto_03_062<=>anto
deckyputraa<=>Decky Putra Armanda
rani9762<=>rani
syf_jafar<=>syarif al-ja'far
baja.ybajuri<=>
tepungkentuckymamaara<=>
syaqielaaningsih<=>@Aningsih01
ramzadhe<=>Ramza Elrafo Elrafif
kinantiberlian<=>B E R L I A N
aquilasalsabila0101<=>Aquila salsabila
tokokue_suka_suka<=>Suka-suka est 2000
rahmat_kurniadi_anwar<=>Rahmat Kurniadi Anwar
abdul_mhanaf<=>Mhanaf 12
marcell_michael11<=>Marcell Michael
hanstommy88<=>Hans Tommy
bungshuchie<=>Chie Poutrie Bungshu
l_store.id05<=>L_Store.id
anggianggi549<=>Anggi
iginisecond<=>
astore_pnk<=>
abiladhitamaz<=>Abiladhitamazuaidi
christian_sereika<=>Christian Sereika
roby_wawa<=>roby
jualbelimobilsecondptk<=>☎️ Call .W/a 081347692319 NICO
habibabdullah2009<=>Habib Abdullah
may_muna48<=>may
raditsyahda<=>Radit Syahda
naura1_<=>Naura Amalia
laila.fby<=>f e b y
bracdpangkalpinang<=>LaBrava_Underwear
dahlan_inside<=>dahlan inside
wrtoo8<=>wiranto
bj.shope26<=>1st BRANDEDpremium
alem_016<=>Futsal lovers 💙
mekar_jaya_stell<=>Rhocky Allvaro
deddy__k<=>Deddy Kurniawan
dyo.maullana<=>dyo.maullana7670
jks_satria<=>Satria Reia
esa.resa.terrr02<=>Teresa.Enjelita
_galleryrain<=>
henny_wl<=>Henny Wulandari
rdahliasr<=>Lia
umy_pradita<=>Umy
wakbogek<=>Randy Anugrh Shadanna
rully_113<=>Rully
wawanipal<=>Muhamad Wawan H
gusty.as<=>Gusti Ali Saputra
angkringan_mas_agung<=>Angkringan_Mas_Agung
kaos_cwo_bahan_premium<=>pontianak_kaos barang ready
putri_agustin1708<=>putri🐣
bali_adjsi<=>jumali_adjsi
i.kara.haiyu<=>🍃Aiyu_09
hanell882018<=>Hellen Yulianti Hurdi
sabrinaa.una<=>sabrina
alexsandraanjela<=>alexsandraanjela
aiiz_habibi<=>Mamang Kopi
dadangmulyana2913<=>Dadang Mulyana
nny.yv<=>vani
es82pnk<=>es
hijmode.payet<=>HIJAB MODE PAYET
mrezaprayga<=>Mrezaprayga
s.rsyida<=>Rosy
m_anafi<=>Depoy isbek
_maurawn<=>Wini🍭
ra.shannn<=>
soi0007<=>So'i
keysa784<=>Firmanda Keysa
kharisma.diahayu<=>Diah ayu Kharisma
dibbadibbong.officials<=>dibbadibbong.officials
felisia_naryta<=>Vincent Fe Naryta
lillac.fashion<=>lillac.fashion
sptian.b<=>b.sptian_
ross_a3097<=>
poetlara_chi<=>
faries2002<=>Fariss
julianarhie90<=>Juliana Rhie
sandh_liverpool53<=>ساعى أنديكا هداية
promoinfoptk<=>PROMOINFOPTK
tante_eka<=>rahma
nurmia_pl<=>Kosmetik viral
nandakhariisma_<=>Nanda kharisma
wahyu_aji_023<=>Semplo
exploreshop_01<=>𝙀𝙭𝙥𝙡𝙤𝙧𝙚𝙨𝙝𝙤𝙥_01
pontianakshop21<=>pontianak_shop
sisi_cahyati<=>Sisi Cahyati
sarifahifah95<=>sarifah
ummumarva<=>Ummumarva
shlamhrn<=>Sela Maharani
imut.shu<=>imut imut
priyowono7023<=>PriyoWono
hery_erwanda<=>Hery
mocay_speed_shop<=>MOCAY SPEED SHOP
pandawamotormks<=>Pandawa Motor
akwstoreee<=>AKW STORE
ferdianggara94<=>Ferdianggara94
hamdan.alkaf<=>hamdan
anitakusuma155<=>anita kusuma
nindya9325<=>nindya93
deaku123<=>bilaku1234
candysshop.ptk<=>CASE HP KAOS KAKI PONTIANAK
gracemarizaa_<=>Grace mariza R
sesiliana0111<=>Sesiliana0111
ptkdian6<=>Yanuar
bell.a1590<=>Bella
reza_raditya_29<=>Reza Raditya
herdeofebrianto<=>
wijnantdimitri<=>Wijnant Dimitri
ichel_kamey<=>Michelle Kamey
vanbury_pontianak<=>Vanbury Chocomelted
yuli_anti4<=>yulianti
beezone35<=>Asbee Sogi
angelvenezia77<=>angelvenezia77
herian.herian.98478<=>Herian
theresiamarsiana<=>Theresia Marsiana
arthadanu<=>danu artha
_a_l_huda_<=>Muhammad Taufik Nurul Huda
bebellyaa<=>Aliandri sheza
szkzha93<=>
madelline_crise<=>
tegar_surya12<=>Tegar nihh
ulwa_humaira<=>Ulwa Wafiyatul Humaira
ibnusholeh93<=>ibnu sholeh mukhtar
vivipnk8<=>Chin vivi
rfatma.ma<=>Fatma
promo_pnk<=>ᴾᴿᴼᴹᴼ ᴾᴼᴺᵀᴵᴬᴺᴬᴷ
nisa95555<=>Nisa
joniisupriadi<=>Jspd
mida_hamidah14<=>mida_hamidah14
mariavivo77<=>Maria tini
ariadiwiguna<=>Arii
kangichal2020<=>All BISNIS AREA
tobikrismonandi<=>Tobi Krismonandi Nandi
al.khatiri79<=>
kurniawanhairunnisa<=>Hairunnisaayu
pevita12_<=>Pevita Maharani
oya_oyioo13<=>Oyaoyii
_yusnia12<=>💛🍭
wenz.lim<=>WEN
dewiuwa<=>Dewi uwa saputra
zura_cece_<=>Zura Lupph
erizonmimi<=>Mimi Erizon
indra_pranu<=>INDONESIA,, Kalimantan Barat
ezaxs_<=>
tristin.nn<=>T
gharshina_<=>gharshinaA_
sitirosyda07<=>S.Rosyda
sabina.avila.754<=>sabinaavila
yadi.rahmayadi_97<=>°Yadi° Rahmayadi
oliq_alya<=>Oliq
walpeperid<=>Walpeper
upil_7<=>upil
denurul04<=>denurul
selly_bethari15<=>selly_bethari
nabilamufida<=>nabila
veeee22<=>veeee_
faisal.alfandi.52<=>Faisal Alfandi
mellywinata25<=>MelyAmoy
emilius_liam<=>+
3second.theparlor<=>3Second The Parlor
hidayatur.rahman.73307<=>
fctallthm<=>fully
holderdenny<=>Denny Selembe Holder
ogiogiogiogiogiiii<=>yoggi_flantino
azmyfadhly<=>Muhammad Azmi Fadhli
perkantoran2015<=>copral
rinaashyfanty<=>rina ashyfanti
kerampak.club<=>Kerampak.club
ian_vhegasuze<=>Ian Vhegasuze
by.raaaaaa<=>
virgoterluka<=>virgo
llsusanti12<=>Lilisusanti_
yirvandem<=>Yogi Irvandem
venny_dolken<=>Gravenny Chandriranti Tandayu
triana_r_haraass<=>ruly haras
april.apriani.927<=>Rafif 15112018
gumilar.rendi<=>Rendi Gumilar
muhammad_fazrill<=>Fazril Fazril
fadhil.nasywa<=>Fadhil Nasywa
tiajuria2<=>TiaJuria
bang.rasa<=>Relawan Bang RaSa
bg_brans<=>Donatus Wong
egga_k.a<=>ega_kh
indahsyarif1<=>Indahsyarif
tio_rnld<=>
ridha.olshop456<=>
andyilby<=>Andy jumansyah
promomakanpontianak<=>promo makan pontianak
firzasaputra11<=>firzasaputra
greenlight_cinunuk<=>StoreGreenlightCinunuk
indah4095<=>indah saputri
anton.adi.505<=>Anton Adi
dominikus.rano<=>D.Ran
ikawati.anjani43<=>Ikawati anjani
rizki_gozo<=>.
ar.if4904<=>Arif
risa_rusmaniah<=>Risa Rusmaniah
shopping.smart<=>Shopping Smart
budhy_al99<=>budy
rumahkita_rumahvilla<=>rumah villa pontianak
rumah_cantik_hawa<=>RUMAHCANTIKHAWA
lestaripratiwi55<=>
rohmanskp<=>rohmanskp
rizki.wahyudin.7505<=>Rizki Wahyudin
ramadhanyoga06<=>Ramadhanyoga06
tomypranataa<=>TomyPranata
sisiliasoniaptr<=>soniaa👋🏻
store3second_fspalu<=>3Second FS PALU
mb_laaaaaaa<=>🌹
erviyantivina<=>Vina Erviyanti
risky_syn<=>Risky
yas_hada<=>yashada
chika__charista<=>Chika__carista
dicky_3second<=>dickywahyudi
_akunaneh<=>yuhuuu
robbysetiyawan20<=>RobbySetiawan
store3second_festivalcitylink<=>3Second Festival Citylink
jack_sparror12<=>sparrow
idrynaj_28<=>IdryNaj_28
raliyosheikh<=>Raliyo sheikh abdi
iam.litetxx2x_<=>matchgurl🐸
firgyardian98<=>Ardfirgy°
graceeee083<=>grace inau
irwnsyfarnnda<=>
resellerparfumterbaik<=>Parfum Berkualitas
ol_shoppontianak<=>Jaket Store Pontianak
fajarpratama189<=>Fajar Pratama
lalak5377<=>Lalak_SR14
sellygiovani27<=>selly
dhisa95<=>DhiSa
askurhidayat<=>Askur Hidayat
wolfsss_ft<=>ديان جيو نوجراها
mul_yadi97<=>Mulyadi
imajin_id<=>Imajin
alex315271<=>alex31
amelia_putri94<=>Amelia Putri
andgetyours<=>AND GADGET
aprilamelenia<=>niaaaaa
resaa143<=>Resandyy_pramanta
ardi3706<=>Ardi Maulana
bil_rbt<=>shabir bil haq
chicken_m.a_pky<=>Chicken M.A PKY
farhan.m02<=>Susanwijanarti🌹
caristachika<=>carista chika kuniawati
adityarulymaulana<=>adityarulymaulana
nukeu_n<=>Nukeu nurjanah
jihanstevie<=>jihan & stevie
rini_ws16<=>Rini WulanSari
keyladhiafakhri<=>keyladhiafakhri
fdliiii1<=>12 mei
imamrizaldi567<=>Muhammad Imam Rizaldi
irvanwahyud032<=>ketet
silvestrepina08<=>silvestre
3second.singkawang<=>3secondGMSingkawang
agungbaskorobaskoro19<=>agung baskoro
chintyaputrikiran<=>kiran
alanabsur<=>Alan046
qwertyunip1<=>x
viiealwayss<=>vi ie
indrapranu<=>indrapranu
store3second_lippoplazajogja<=>3Second_Lippoplazajogja
sri_mulia_ningsi07<=>ningsi🍃
naya.lrsati27<=>𝓘𝓷𝓪𝔂𝓪
shasha_ofank<=>OPANK_VAGENZEE
ayuwaryd<=>💍Muhadir
maulanadafarizqi<=>dafa rizqi maulana
obiedirga<=>obie dirga
muhajirhajir54<=>samsirtgs@gmail.com
yanihermawan4<=>Yani Hermawan
khaygillang17_<=>MasKhay_
peacefullifestore2019<=>Peaceful Life Store
perdiario<=>ferdiario
3secondseturan<=>3SECOND SETURAN
rizkyeva.94<=>Rizky Eva
pabrikanimparfume_medan<=>pabrikan im parfume
mira.nw<=>Mira NW
icandra377<=>candra
vhys05<=>levy
ayu_nyonya<=>Nyonya Ayu
dadangmul7<=>dadangmul
veronicaart15<=>Veronica artilaa
aryani_property_mblsecondptk<=>De2♈
ontan_12<=>ikan asin
belva_dirga<=>Belva_Dirga
bangjun3564<=>bang jun
ferry_ard31<=>ferry ardiansyah
suryaaril644<=>Surya-ist
zernii.penyaring.air.ptk<=>Zernii penyaring air kotor
palkon_90<=>palkon
dulur_909<=>Dulur
pakaian_anak_second_impor<=>lelong anak pilihan 👍
dominikusr<=>DRano98
voniabbiyu20<=>Abiyyu Nya Vonny
iron_xavier_96<=>Iron_96_Khatulistiwa4371
blanke007<=>
arsmahdial<=>yeni indriani
fdlii05<=>fadhli
lala_dan_abob<=>
angah.alwi<=>محمد علوي
s_syarief78<=>S Syarief
revaldojupiter<=>sinta revalin@2118
aishaputri_27<=>assa
echaa_55<=>Echaaaak
nadeylaaud<=>
tarrie_niezt<=>Tarrie Niezt
mariani_14_<=>Mariani
putriiash<=>Putri Kurniasih👩‍🔧
ozie_jr82<=>ozie lajuardi
lexusscase_id<=>CUSTOM CASE PONTIANAK
amandasyria_bakery<=>bakery & donute
hendro_suprianto<=>hendro supriyanto
3secondobralmakassar<=>3second Obral Makassar
jehova_rose<=>bunda malika
diaryhijab_foto<=>#DiaryHijab
es82.pnk<=>
ekaulansari<=>ekaulansari
raesazaskia1<=>orin
otnayirsuga<=>otnayirsuga
sitirosida28<=>fitriana
meylea89<=>mey
bodohbalekampret<=>jancok
ka.riel.100<=>Ka Riel
pindah_akun_sebelah64884<=>Hati hati.. nanti ngeflyy...
agus.d.vino<=>Agus_setyawan
riovabren<=>Rio Vabren
nikitalou_<=>
tokomas_nagaberlian<=>tokomas nagaberlian_ptk
f.retnoadt_<=>.
denimaimai475<=>deni maimsi
putriresafrnanda<=>P U T R I 🦄
parjokowahyuchandra<=>parjoko wahyu chandra
julianti_ie<=>Julie
cit_ra445<=>
pontianakuptodate<=>INFO PROMO & EVENT PONTIANAK
pinkshop571<=>
edward_mich<=>Michael Edward
jesicca_1122<=>jesica
pro.motion.ptk<=>PRO.motion Pontianak
baksoseafood_korean.ptk<=>Bakso seafood korea.ptk
promoapapunpontianak<=>PROMO PONTIANAK
suci_priliyanti<=>Suci Priliyanti
danirama22<=>Ramadani
drea_mpillows<=>
garage_second07<=>"Sepatu  Second07👞👟
haii_ta23<=>tataprmtaa23
anggun3191<=>Anggun Indah
elin_nurfazlin31<=>Elin Nurfazlin
maco_21.14<=>(Harga Termurah)
lutfi__ss<=>M.Lutfi Saputra
ahdamiraldishop<=>ahdamiraldishop
dwiramdhaniiiii<=>
rosesareblueeeeee<=>Liv
tatau_q<=>ハッタアウリアの執筆
ezzarmaya<=>Maya Ezzar
leepurwanti<=>lilik purwanti
ulilakbar2<=>Ulil Akbar
bakmie_ds<=>bakmie DS
ininitta<=>Nitamekaup ❤️
bibindavina<=>Bibin Davina
m.irfanpr<=>irvanpratama
ardy3858<=>Ardy
kelurahanst4<=>
ramaalvaro7<=>ramaalvaro7
vrgooes<=>pcture
lgivens322017<=>Lazon
setiawanalib<=>Alib Gull Setiawan
gerryallifia.78<=>Gerry Allifia
natandirgantaraa<=>Natan Dirgantara
sonyaandaraaa<=>sonyaaaa
riyo678<=>Riyo.S
auliya.indy<=>
deddymayden<=>Jhon Cuan
kanzalaundo<=>kanzalaueendo
andiputra230<=>andi putra
natasyastefanichristin<=>Natasya
setiawan75611<=>setiawan7
dayanatasyaa<=>dayannaastasyha
vcacaaaa<=>special req
armandfadhilah<=>Armand Fadhilah
setripurwanti88gmail.co<=>setriara
lovenla.id<=>LVLA
witawita379<=>Wita
nesteria_okin<=>Dara Okin
wahyudi_namek123<=>yudi
nopitaaanopi<=>novitasari
danirefal<=>Dani Refal
diskon_sades<=>Teliat Diskon
rossidika_46<=>Dika_46
fariswja<=>faris wijaya
faizalmohamat<=>Mohamat Faizal
eriyantodony<=>Dony Eriyanto
agusduwi_58<=>Agus duwi cahya
btami_01<=>Bustami
ferirosyandi<=>wowo
rifkifa16<=>rifkifauziadam
suci980763<=>suci
sisil_1104<=>Susi Lawati
aidha_rahman<=>marisa ida
may101199<=>may
herkulanusadi<=>Herkulanus adi
gerryalfian.p<=>Gerry Allfian
rahmanmaerta<=>Faturrahman
fitrianireal12<=>fitriani
aldo_moka55<=>Aldo Moka
aprill2492<=>Aprill02
manto__prakoso<=>Manto
kimowooo<=>
eksidvdjdjshdk<=>Rafael Giovanni
ritasriwah<=>Rita sri wahyuni
debri_04<=>debri_
tupperwarepnk.id<=>Tupperware Pontianak
whensundays<=>W h e n   S u n d a y s
mr.breyy<=>Mr.Brey
kafrina_21<=>nda pi🌻
chinfellien<=>fellien chin
priarutchie<=>Priarutchie Rhicie
gerai_shopid<=>Gerai_ShopBJM
ferry_putra_kmc<=>Ferry Putra Kmc
titi_senik<=>titi  januarti
duniatourandtravel<=>Dunia Tour and Travel
aiyaa11_<=>iyaa
hervianita<=>anti hervianita
putra.hermansyah<=>Hermansyah Putra
kulinerbudakptk<=>Kuliner Pontianak
denata.lara<=>Denatalara
cecefwahyudi95<=>Cecef Wahyudi
biyyuhommycake<=>Biyyu Hommy Cake
andi.e.7773<=>Andi E
diki2373<=>Diki
muhammadaizis<=>Aizis
aoklah123457<=>
bolangpelakor4<=>😋BOLANG😋 39
kucingmeong___<=>
stefanus6758<=>Ste Fanu
julv.ha<=>Mela
sonia.ermaya14<=>sonia nuraini ermaya
unimaxstyle.id<=>UNIMAXSTYLE.ID
holisenrique<=>O'iis 04
selly_syakiieb190613<=>Selly
bilarrznn<=>
zaskiaassyifaaura<=>Assyifa Aura Zaskia
tidakdipakaia<=>b
dheawldr<=>wulandari
grseleee<=>just for fun!
salon_glamor10<=>Salon_glamor10
nia.khanza8899<=>khairatunia
muhammadfariserawan<=>muhammad faris erawan
ikewahyuuuu<=>
callmekak<=>Pecintachiki
vino.superred.arwana<=>super Red Arwana👍
bravomansyur<=>Bravo Mansyur
khairul_usman22<=>Khairul
bangunlarasati<=>Tyas
siisembok99<=>anak embok
mey.chan.73307<=>Mey Chan
dflinjnuard<=>mattlumer_
balicejimbaran<=>
hans_dave12<=>Dave Hans
rolly7977<=>Crysbian
nerdgurl__<=>
kresnasakti_<=>
nangningnongnengbibee<=>NengBibee
reineshop_bag<=>Tas TerMurah Pontianak
ayamnkampus<=>Ayam NKAMPUS
tika_adit<=>TKcolletion...
detrisiavitara<=>Detrisia Vitara
shfralrsati<=>shfralrsati
reza28961<=>Reza Raditya
jizijimimi<=>
sittinuurkhomsiyaah<=>Siti Nur Khomsiyah
andrystwn98<=>
lawaranakmude<=>Pengiriman dari BANDUNG
gischelaalxndr<=>Alexa
bramasta_12<=>VOC
record_republic<=>Record Republic ©️
anandanurvikri<=>ananda nur vikri
02boyrizal<=>02boy rizal
simpai_pontianak<=>simpaipontianak
hendy_gouw<=>Hendy
toko_keciil<=>TOKO KECIL 🏠💛
hendraazharr<=>hendraazhar98
yk918891<=>
rizalsetiawan705<=>
distributor.madu.sarang.asli<=>distributor.madu.sarang.asli
qwertyuiopasdghjklzxcvbn____<=>
ovie1093_girls<=>Novilestari1093
sweetgummy976<=>
indro4617<=>Indro
ekadianplur<=>ekadian.
igofficialceleb<=>
erik_erichi22<=>erik
chavavechya<=>
biarbisamenang2<=>
tianti_dwiputri<=>Tianti Dwi Putri
pedeajasihh<=>
sragenasri527<=>A
lamberta_2001<=>
alongrisma90<=>risma febrianti,A.Md
zaarsyfa.dr28<=>🦄 ARSYFA ZAMORA ZUNAIRAH 🦄
loltoxc<=>
indiwiranti<=>indiwiranti
marisa_cantik<=>
hirohero7<=>Hirohero
daffa1113<=>
