
virnomuhtadi|virno123
akunfake2350|akunfake
iccang867|iccang
pantexkau20|jasonheang
_ahha12|aji12345
umiyatik|akulupa12
aleale19_2|aleale
dayana.3152|dayana123
ra.faela4587|rafaela12345
marioreneelvir|reneelvir
ansnhms_|hamsiyah
johantaufik_|johantaufik
